prompt,base,finetuned
Giải thích khái niệm machine learning cho người mới bắt đầu.,"Machine learning là một phần của trí tuệ nhân tạo (AI) được thiết kế để giúp máy tính học hỏi và cải thiện từ kinh nghiệm. Nó là một công nghệ cho phép máy tính tự động hóa các nhiệm vụ mà con người thường thực hiện, chẳng hạn như phân tích dữ liệu, nhận dạng mẫu và đưa ra quyết định. Machine learni","Machine learning là một lĩnh vực của trí tuệ nhân tạo (AI) liên quan đến việc thiết kế và phát triển các hệ thống máy tính có khả năng học hỏi từ dữ liệu mà không cần chương trình được viết cụ thể. Hệ thống này có thể phân tích dữ liệu, xác định mẫu và đưa ra dự đoán, quyết định hoặc hành động dựa t"
Viết đoạn code Python tính số Fibonacci thứ n.,"Đoạn code sau tính số Fibonacci thứ n: ```python def fibonacci(n): if n <= 0: return ""Tham số n phải là một số nguyên dương"" elif n == 1: return 0 elif n == 2: return 1 else: a, b = 0, 1 for _ in range(2, n): a, b = b, a + b return b ``` Bạn có thể sử dụng nó như sau: ```python print(fibonacci(10)) ","Fibonacci là một chuỗi các số được tạo ra bằng cách thêm hai số trước đó, bắt đầu bằng 0 và 1. Dưới đây là một cách đơn giản để tính số Fibonacci thứ n trong Python: ```python def fibonacci(n): if n <= 0: return ""Input should be positive integer."" elif n == 1: return 0 elif n == 2: return 1 else: fi"
Liệt kê 5 nguyên tắc thiết kế UI/UX.,"1. Độc đáo và dễ sử dụng: Thiết kế UI/UX phải dễ sử dụng và thân thiện với người dùng, đồng thời vẫn duy trì được tính độc đáo và khác biệt của nó. 2. Tối ưu hóa cho thiết bị: Tích hợp thiết kế UI/UX vào các nền tảng và thiết bị khác nhau, bao gồm cả điện thoại di động, máy tính bảng và máy tính để ","Dưới đây là 5 nguyên tắc thiết kế UI/UX: 1. Thiết kế người dùng: Thiết kế người dùng là một nguyên tắc thiết kế UI/UX quan trọng, nó tập trung vào việc tạo ra trải nghiệm người dùng thân thiện, dễ sử dụng và thân thiện với người dùng. Điều này có nghĩa là các thiết kế phải được tối ưu hóa để người d"
Tóm tắt sự khác biệt giữa LoRA và QLoRA.,LoRA (Locally Weighted Linear Adaptation) và QLoRA (Quantized LoRA) đều là các phương pháp được sử dụng trong học sâu để cải thiện hiệu suất và giảm chi phí năng lượng của các mô hình. Sự khác biệt chính giữa hai phương pháp là cách chúng xử lý trọng số của mô hình. LoRA là một kỹ thuật chuyển đổi t,"LoRA (Linear Layer Truncated) và QLoRA (Quantized Linear Layer Truncated) là hai thuật toán được sử dụng để giảm kích thước mô hình của các mô hình học sâu, giúp mô hình dễ triển khai hơn và giảm thiểu tác động môi trường. LoRA là một kỹ thuật chuyển đổi trọng số để cải thiện hiệu quả của mô hình. N"
"Phân biệt prompt engineering, RAG, và fine-tuning.","- **Prompt Engineering**: Kỹ thuật này liên quan đến việc tạo ra các câu lệnh hoặc câu hỏi (tên gọi chung là ""gợi ý"") cho các mô hình ngôn ngữ để giúp mô hình hiểu đúng ngữ nghĩa, ngữ cảnh và mục đích của câu lệnh. Nói một cách khác, nó liên quan đến việc thiết kế các gợi ý sao cho mô hình có thể hi","Prompt engineering, RAG và fine-tuning đều là các kỹ thuật khác nhau trong lĩnh vực học máy và AI. Dưới đây là sự khác biệt giữa chúng: 1. Prompt Engineering: Prompt engineering là quá trình tạo ra và tối ưu hóa các truy vấn (hoặc gợi ý) được sử dụng để kích hoạt mô hình AI. Mục tiêu chính của kỹ th"
Khi nào nên dùng RAG thay vì fine-tuning?,"RAG (Text-to-Text Model) thường được sử dụng trong các tình huống yêu cầu mô hình chuyển đổi văn bản thành văn bản, chẳng hạn như việc chuyển đổi cú pháp, tổng hợp văn bản, tạo câu hỏi và trả lời, v.v. Fine-tuning là một phương pháp được sử dụng để đào tạo mô hình ngôn ngữ lớn như BERT, RoBERTa, v.v",Fine-tuning và RAG (Reformer của Llama) là hai phương pháp khác nhau được sử dụng trong AI để xử lý các nhiệm vụ ngôn ngữ. Fine-tuning thường liên quan đến việc đào tạo mô hình ngôn ngữ lớn (LLM) trên một tập dữ liệu cụ thể để cải thiện hiệu suất trên nhiệm vụ cụ thể. Điều này có thể được thực hiện 
Giải thích cách hoạt động của Flash Attention.,"Flash Attention là một mô hình học máy được thiết kế để thực hiện các nhiệm vụ xử lý ngôn ngữ tự nhiên (NLP) như trích xuất thông tin, câu hỏi và answering, và các tác vụ khác. Nó hoạt động bằng cách sử dụng một mô hình ngôn ngữ tiên tiến gọi là mô hình tự hỏi câu trả lời, được đào tạo trên một tập ",Flash Attention là một thuật toán attention được giới thiệu trong bài báo của tự động hóa năm 2022. Nó được thiết kế để cải thiện hiệu suất và hiệu quả của mô hình attention trong các nhiệm vụ tự nhiên như ngôn ngữ và hình ảnh. Mô hình attention có vai trò quan trọng trong các mô hình ngôn ngữ như B
List 3 câu hỏi phỏng vấn cho ML Engineer junior.,"1. Bạn đã từng áp dụng phương pháp nào để đánh giá hiệu quả của mô hình Machine Learning? 2. Bạn có thể giải thích cơ chế hoạt động của phương pháp Gradient Boosting không? 3. Bạn đã từng thực hiện bất kỳ dự án nào liên quan đến AI hoặc Machine Learning chưa? Nếu có, vui lòng mô tả về nó. 4. Bạn có ",1. Bạn đã từng tham gia dự án nào trong lĩnh vực Machine Learning chưa và giải thích vai trò của bạn trong dự án đó? 2. Bạn có thể giải thích về khái niệm về độ chính xác của mô hình và cách bạn có thể cải thiện nó trong dự án của mình không? 3. Bạn đã từng phải đối mặt với vấn đề nào trong quá khứ 
Cho biết ưu điểm của Transformer so với RNN.,"Một số ưu điểm của mô hình Transformer so với RNN là: 1. Cải tiến hiệu suất: Mô hình Transformer đã đạt được hiệu suất cao hơn đáng kể so với RNN trong các nhiệm vụ xử lý ngôn ngữ tự nhiên như dịch, phân loại câu, v.v. Điều này là do mô hình Transformer có khả năng xử lý các mối quan hệ dài hạn và c","Transformer là một mô hình ngôn ngữ tự động hóa, được giới thiệu vào năm 2017, đã chứng minh hiệu suất vượt trội so với mô hình RNN (Mạng Neuron Tương tự) trong nhiều nhiệm vụ ngôn ngữ. Một số ưu điểm chính của Transformer so với RNN bao gồm: 1. Hiệu suất cao hơn: Transformer có thể đạt hiệu suất ca"
Cách evaluate performance của một LLM fine-tuned model?,"Để đánh giá hiệu suất của một mô hình LLM đã được tinh chỉnh, các nhà nghiên cứu và nhà phát triển thường sử dụng một số kỹ thuật và thước đo khác nhau. Dưới đây là một số cách phổ biến: 1. **Đánh giá trên dữ liệu kiểm tra**: Mô hình được tinh chỉnh sẽ được đào tạo trên một tập dữ liệu lớn, sau đó đ","Để đánh giá hiệu suất của một mô hình LLM được fine-tuned, cần xem xét một số yếu tố: 1. Độ chính xác: Đây là thước đo chính xác nhất để đánh giá hiệu suất của mô hình. Nó đo lường số lượng dự đoán chính xác so với số lượng dự đoán tổng thể. 2. Độ chính xác của cụm từ: Nếu mô hình được fine-tuned ch"
